OrderID,Date,Product,Category,Customer,Region,Quantity,Sales
1001,2026-01-05,Laptop,Electronics,Rahul,South,2,120000
1002,2026-01-07,Mouse,Accessories,Priya,North,5,2500
1003,2026-01-09,Keyboard,Accessories,Rahul,South,3,4500
1004,2026-01-12,Monitor,Electronics,Anil,West,2,30000
1005,2026-01-15,Laptop,Electronics,Sneha,East,1,60000
1006,2026-01-18,Phone,Electronics,Priya,North,4,180000
1007,2026-01-20,Mouse,Accessories,Anil,West,10,5000
1008,2026-01-22,Headphones,Accessories,Sneha,East,3,9000
1009,2026-01-25,Laptop,Electronics,Rahul,South,1,60000
1010,2026-01-28,Monitor,Electronics,Priya,North,2,30000
1011,2026-02-02,Phone,Electronics,Anil,West,2,90000
1012,2026-02-05,Keyboard,Accessories,Sneha,East,6,9000
1013,2026-02-08,Laptop,Electronics,Priya,North,3,180000
1014,2026-02-11,Headphones,Accessories,Rahul,South,5,15000
1015,2026-02-14,Phone,Electronics,Sneha,East,1,45000
1016,2026-02-17,Mouse,Accessories,Anil,West,8,4000
1017,2026-02-20,Monitor,Electronics,Rahul,South,4,60000
1018,2026-02-23,Laptop,Electronics,Anil,West,2,120000
1019,2026-02-26,Phone,Electronics,Priya,North,3,135000
1020,2026-03-01,Keyboard,Accessories,Sneha,East,7,10500
